PROGRAMA EDUCATIVO,NOMBRE DE LA ASIGNATURA,AREA DE CONOCIMIENTO
INGENIERÍA EN SISTEMAS COMPUTACIONALES,CÁLCULO DIFERENCIAL,CIENCIAS BÁSICAS
INGENIERÍA EN SISTEMAS COMPUTACIONALES,CÁLCULO INTEGRAL,CIENCIAS BÁSICAS
INGENIERÍA EN SISTEMAS COMPUTACIONALES,QUÍMICA,CIENCIAS BÁSICAS
INGENIERÍA EN SISTEMAS COMPUTACIONALES,ALGEBRA LINEAL,CIENCIAS BÁSICAS
INGENIERÍA EN SISTEMAS COMPUTACIONALES,PROBABILIDAD Y  ESTADÍSTICA,CIENCIAS BÁSICAS
INGENIERÍA EN SISTEMAS COMPUTACIONALES,CÁLCULO VECTORIAL,CIENCIAS BÁSICAS
INGENIERÍA EN SISTEMAS COMPUTACIONALES,FÍSICA GENERAL,CIENCIAS BÁSICAS
INGENIERÍA EN SISTEMAS COMPUTACIONALES,ECUACIONES DIFERENCIALES,CIENCIAS BÁSICAS
INGENIERÍA EN SISTEMAS COMPUTACIONALES,FUNDAMENTOS DE PROGRAMACIÓN,CIENCIAS DE LA INGENIERÍA
INGENIERÍA EN SISTEMAS COMPUTACIONALES,MATEMÁTICAS DISCRETAS,CIENCIAS DE LA INGENIERÍA
INGENIERÍA EN SISTEMAS COMPUTACIONALES,FUNDAMENTOS DE INVESTIGACIÓN,CIENCIAS DE LA INGENIERÍA
INGENIERÍA EN SISTEMAS COMPUTACIONALES,PROGRAMACIÓN ORIENTADA A OBJETOS,CIENCIAS DE LA INGENIERÍA
INGENIERÍA EN SISTEMAS COMPUTACIONALES,ESTRUCTURA DE DATOS,CIENCIAS DE LA INGENIERÍA
INGENIERÍA EN SISTEMAS COMPUTACIONALES,SISTEMAS OPERATIVOS,CIENCIAS DE LA INGENIERÍA
INGENIERÍA EN SISTEMAS COMPUTACIONALES,MÉTODOS NUMÉRICOS,CIENCIAS DE LA INGENIERÍA
INGENIERÍA EN SISTEMAS COMPUTACIONALES,TÓPICOS AVANZADOS DE PROGRAMACIÓN,CIENCIAS DE LA INGENIERÍA
INGENIERÍA EN SISTEMAS COMPUTACIONALES,FUNDAMENTOS DE BASES DE DATOS,CIENCIAS DE LA INGENIERÍA
INGENIERÍA EN SISTEMAS COMPUTACIONALES,PRINCIPIOS ELÉCTRICOS Y APLICACIONES DIGITALES,CIENCIAS DE LA INGENIERÍA
INGENIERÍA EN SISTEMAS COMPUTACIONALES,FUNDAMENTOS DE TELECOMUNICACIONES,CIENCIAS DE LA INGENIERÍA
INGENIERÍA EN SISTEMAS COMPUTACIONALES,FUNDAMENTOS DE INGENIERÍA DEL SOFTWARE,CIENCIAS DE LA INGENIERÍA
INGENIERÍA EN SISTEMAS COMPUTACIONALES,ARQUITECTURA DE COMPUTADORAS,CIENCIAS DE LA INGENIERÍA
INGENIERÍA EN SISTEMAS COMPUTACIONALES,LENGUAJES Y AUTÓMATAS I,CIENCIAS DE LA INGENIERÍA
INGENIERÍA EN SISTEMAS COMPUTACIONALES,LENGUAJES DE INTERFAZ,CIENCIAS DE LA INGENIERÍA
INGENIERÍA EN SISTEMAS COMPUTACIONALES,LENGUAJES Y AUTÓMATAS II,CIENCIAS DE LA INGENIERÍA
INGENIERÍA EN SISTEMAS COMPUTACIONALES,PROGRAMACIÓN LÓGICA Y FUNCIONAL,CIENCIAS DE LA INGENIERÍA
INGENIERÍA EN SISTEMAS COMPUTACIONALES,INVESTIGACIÓN DE OPERACIONES,INGENIERÍA APLICADA Y DISEÑO EN INGENIERÍA
INGENIERÍA EN SISTEMAS COMPUTACIONALES,TALLER DE SISTEMAS OPERATIVOS,INGENIERÍA APLICADA Y DISEÑO EN INGENIERÍA
INGENIERÍA EN SISTEMAS COMPUTACIONALES,TALLER DE BASES DE DATOS,INGENIERÍA APLICADA Y DISEÑO EN INGENIERÍA
INGENIERÍA EN SISTEMAS COMPUTACIONALES,SIMULACIÓN,INGENIERÍA APLICADA Y DISEÑO EN INGENIERÍA
INGENIERÍA EN SISTEMAS COMPUTACIONALES,PROGRAMACIÓN WEB,INGENIERÍA APLICADA Y DISEÑO EN INGENIERÍA
INGENIERÍA EN SISTEMAS COMPUTACIONALES,REDES DE COMPUTADORAS,INGENIERÍA APLICADA Y DISEÑO EN INGENIERÍA
INGENIERÍA EN SISTEMAS COMPUTACIONALES,ADMINISTRACIÓN DE BASES DE DATOS,INGENIERÍA APLICADA Y DISEÑO EN INGENIERÍA
INGENIERÍA EN SISTEMAS COMPUTACIONALES,GRAFICACIÓN,INGENIERÍA APLICADA Y DISEÑO EN INGENIERÍA
INGENIERÍA EN SISTEMAS COMPUTACIONALES,INGENIERÍA DE SOFTWARE,INGENIERÍA APLICADA Y DISEÑO EN INGENIERÍA
INGENIERÍA EN SISTEMAS COMPUTACIONALES,TALLER DE INVESTIGACIÓN I,INGENIERÍA APLICADA Y DISEÑO EN INGENIERÍA
INGENIERÍA EN SISTEMAS COMPUTACIONALES,CONMUTACIÓN Y ENRUTAMIENTO DE REDES DE DATOS,INGENIERÍA APLICADA Y DISEÑO EN INGENIERÍA
INGENIERÍA EN SISTEMAS COMPUTACIONALES,GESTIÓN DE PROYECTOS DE SOFTWARE,INGENIERÍA APLICADA Y DISEÑO EN INGENIERÍA
INGENIERÍA EN SISTEMAS COMPUTACIONALES,SISTEMAS PROGRAMABLES,INGENIERÍA APLICADA Y DISEÑO EN INGENIERÍA
INGENIERÍA EN SISTEMAS COMPUTACIONALES,INTELIGENCIA ARTIFICIAL,INGENIERÍA APLICADA Y DISEÑO EN INGENIERÍA
INGENIERÍA EN SISTEMAS COMPUTACIONALES,ADMINISTRACIÓN DE REDES,INGENIERÍA APLICADA Y DISEÑO EN INGENIERÍA
INGENIERÍA EN SISTEMAS COMPUTACIONALES,TALLER DE INVESTIGACIÓN II,INGENIERÍA APLICADA Y DISEÑO EN INGENIERÍA
INGENIERÍA EN SISTEMAS COMPUTACIONALES,APLICACIONES NATIVAS PARA MÓVILES DE CÓDIGO ABIERTO.,INGENIERÍA APLICADA Y DISEÑO EN INGENIERÍA
INGENIERÍA EN SISTEMAS COMPUTACIONALES,PROGRAMACIÓN MÓVIL NATIVO PARA SISTEMA PROPIETARIO.,INGENIERÍA APLICADA Y DISEÑO EN INGENIERÍA
INGENIERÍA EN SISTEMAS COMPUTACIONALES,VISIÓN POR COMPUTADORA EN DISPOSITIVOS MÓVILES.,INGENIERÍA APLICADA Y DISEÑO EN INGENIERÍA
INGENIERÍA EN SISTEMAS COMPUTACIONALES,LENGUAJES MULTIPLATAFORMA PARA EL DESARROLLO MÓVIL.,INGENIERÍA APLICADA Y DISEÑO EN INGENIERÍA
INGENIERÍA EN SISTEMAS COMPUTACIONALES,SEGURIDAD Y TESTING EN TECNOLOGÍA MÓVIL.,INGENIERÍA APLICADA Y DISEÑO EN INGENIERÍA
INGENIERÍA EN SISTEMAS COMPUTACIONALES,INTRODUCCIÓN A LA CIENCIA DE LOS DATOS,INGENIERÍA APLICADA Y DISEÑO EN INGENIERÍA
INGENIERÍA EN SISTEMAS COMPUTACIONALES,LENGUAJES DE PROGRAMACIÓN PARA CIENCIA DE LOS DATOS,INGENIERÍA APLICADA Y DISEÑO EN INGENIERÍA
INGENIERÍA EN SISTEMAS COMPUTACIONALES,MINERÍA DE DATOS,INGENIERÍA APLICADA Y DISEÑO EN INGENIERÍA
INGENIERÍA EN SISTEMAS COMPUTACIONALES,APRENDIZAJE MÁQUINA,INGENIERÍA APLICADA Y DISEÑO EN INGENIERÍA
INGENIERÍA EN SISTEMAS COMPUTACIONALES,INTELIGENCIA DE NEGOCIOS,INGENIERÍA APLICADA Y DISEÑO EN INGENIERÍA
INGENIERÍA EN SISTEMAS COMPUTACIONALES,TALLER DE ÉTICA,CIENCIAS SOCIALES Y HUMANIDADES
INGENIERÍA EN SISTEMAS COMPUTACIONALES,DESARROLLO SUSTENTABLE,CIENCIAS SOCIALES Y HUMANIDADES
INGENIERÍA EN SISTEMAS COMPUTACIONALES,TALLER DE ADMINISTRACIÓN,CIENCIAS ECONÓMICO - ADMINISTRATIVAS
INGENIERÍA EN SISTEMAS COMPUTACIONALES,CONTABILIDAD FINANCIERA,CIENCIAS ECONÓMICO - ADMINISTRATIVAS
INGENIERÍA EN SISTEMAS COMPUTACIONALES,CULTURA EMPRESARIAL,CIENCIAS ECONÓMICO - ADMINISTRATIVAS
INGENIERÍA ELECTROMECÁNICA,INTRODUCCIÓN A LA PROGRAMACIÓN,CIENCIAS DE LA INGENIERÍA 
INGENIERÍA ELECTROMECÁNICA,TECNOLOGÍA DE LOS MATERIALES,CIENCIAS DE LA INGENIERÍA 
INGENIERÍA ELECTROMECÁNICA,DIBUJO ELECTROMECÁNICO METROLOGÍA Y NORMALIZACIÓN PROCESOS DE MANUFACTURA,CIENCIAS DE LA INGENIERÍA 
INGENIERÍA ELECTROMECÁNICA,ANÁLISIS DE CIRCUITOS ELÉCTRICOS DE CD,CIENCIAS DE LA INGENIERÍA 
INGENIERÍA ELECTROMECÁNICA,MECÁNICA DE FLUIDOS,CIENCIAS DE LA INGENIERÍA 
INGENIERÍA ELECTROMECÁNICA,ANÁLISIS Y SÍNTESIS DE MECANISMOS,CIENCIAS DE LA INGENIERÍA 
INGENIERÍA ELECTROMECÁNICA,TERMODINÁMICA,CIENCIAS DE LA INGENIERÍA 
INGENIERÍA ELECTROMECÁNICA,ANÁLISIS DE CIRCUITOS ELÉCTRICOS DE CA,CIENCIAS DE LA INGENIERÍA 
INGENIERÍA ELECTROMECÁNICA,ELECTRÓNICA ANALÓGICA,CIENCIAS DE LA INGENIERÍA 
INGENIERÍA ELECTROMECÁNICA,TRANSFERENCIA DE CALOR,CIENCIAS DE LA INGENIERÍA 
INGENIERÍA ELECTROMECÁNICA,ELECTRÓNICA DIGITAL,CIENCIAS DE LA INGENIERÍA 
INGENIERÍA ELECTROMECÁNICA,MÁQUINAS Y EQUIPOS TÉRMICOS II,CIENCIAS DE LA INGENIERÍA 
INGENIERÍA ELECTROMECÁNICA,MÁQUINAS Y EQUIPOS TÉRMICOS II,CIENCIAS DE LA INGENIERÍA 
INGENIERÍA ELECTROMECÁNICA,SISTEMAS ELÉCTRICOS DE POTENCIA,CIENCIAS DE LA INGENIERÍA 
INGENIERÍA ELECTROMECÁNICA,MODELADO DE SISTEMAS ELÉCTRICOS DE POTENCIA (ESP. SISTEMAS),CIENCIAS DE LA INGENIERÍA 
INGENIERÍA ELECTROMECÁNICA,SISTEMAS ELÉCTRICOS DE POTENCIA 2 (ESP. SISTEMAS),CIENCIAS DE LA INGENIERÍA 
INGENIERÍA ELECTROMECÁNICA,SISTEMAS Y MÁQUINAS DE FLUIDOS,INGENIERÍA APLICADA Y DISEÑO EN INGENIERÍA
INGENIERÍA ELECTROMECÁNICA,DISEÑO DE ELEMENTOS DE MÁQUINAS,INGENIERÍA APLICADA Y DISEÑO EN INGENIERÍA
INGENIERÍA ELECTROMECÁNICA,MAQUINAS ELÉCTRICAS,INGENIERÍA APLICADA Y DISEÑO EN INGENIERÍA
INGENIERÍA ELECTROMECÁNICA,REFRIGERACIÓN Y AIRE ACONDICIONADO,INGENIERÍA APLICADA Y DISEÑO EN INGENIERÍA
INGENIERÍA ELECTROMECÁNICA,CONTROLES ELÉCTRICOS,INGENIERÍA APLICADA Y DISEÑO EN INGENIERÍA
INGENIERÍA ELECTROMECÁNICA,PRUEBAS Y MANTENIMIENTO ELÉCTRICO,INGENIERÍA APLICADA Y DISEÑO EN INGENIERÍA
INGENIERÍA ELECTROMECÁNICA,CALIDAD INDUSTRIAL,INGENIERÍA APLICADA Y DISEÑO EN INGENIERÍA
INGENIERÍA ELECTROMECÁNICA,SUBESTACIONES ELÉCTRICAS,INGENIERÍA APLICADA Y DISEÑO EN INGENIERÍA
INGENIERÍA ELECTROMECÁNICA,MANUFACTURA AVANZADA,INGENIERÍA APLICADA Y DISEÑO EN INGENIERÍA
INGENIERÍA ELECTROMECÁNICA,AHORRO DE ENERGÍA,INGENIERÍA APLICADA Y DISEÑO EN INGENIERÍA
INGENIERÍA ELECTROMECÁNICA,RESIDENCIA PROFESIONAL,INGENIERÍA APLICADA Y DISEÑO EN INGENIERÍA
INGENIERÍA ELECTROMECÁNICA,QUÍMICA,CIENCIAS BÁSICAS
INGENIERÍA ELECTROMECÁNICA,CÁLCULO,CIENCIAS BÁSICAS
INGENIERÍA ELECTROMECÁNICA,DIFERENCIAL,CIENCIAS BÁSICAS
INGENIERÍA ELECTROMECÁNICA,ALGEBRA LINEAL,CIENCIAS BÁSICAS
INGENIERÍA ELECTROMECÁNICA,CÁLCULO INTEGRAL,CIENCIAS BÁSICAS
INGENIERÍA ELECTROMECÁNICA,PROBABILIDAD Y,CIENCIAS BÁSICAS
INGENIERÍA ELECTROMECÁNICA,ESTADÍSTICA,CIENCIAS BÁSICAS
INGENIERÍA ELECTROMECÁNICA, ELECTRICIDAD Y MAGNETISMO,CIENCIAS BÁSICAS
INGENIERÍA ELECTROMECÁNICA,ESTÁTICA,CIENCIAS BÁSICAS
INGENIERÍA ELECTROMECÁNICA,CÁLCULO,CIENCIAS BÁSICAS
INGENIERÍA ELECTROMECÁNICA,VECTORIAL,CIENCIAS BÁSICAS
INGENIERÍA ELECTROMECÁNICA,DINÁMICA,CIENCIAS BÁSICAS
INGENIERÍA ELECTROMECÁNICA,MECÁNICA DE MATERIALES,CIENCIAS BÁSICAS
INGENIERÍA ELECTROMECÁNICA,ECUACIONES,CIENCIAS BÁSICAS
INGENIERÍA ELECTROMECÁNICA,DIFERENCIALES,CIENCIAS BÁSICAS
INGENIERÍA ELECTROMECÁNICA,TALLER DE ÉTICA,CIENCIAS SOCIALES Y HUMANIDADES
INGENIERÍA ELECTROMECÁNICA,ACTIVIDADES COMPLEMENTARI AS III,CIENCIAS SOCIALES Y HUMANIDADES
INGENIERÍA ELECTROMECÁNICA,ACTIVIDADES COMPLEMENTARI AS IV,CIENCIAS SOCIALES Y HUMANIDADES
INGENIERÍA ELECTROMECÁNICA,FUNDAMENTOS DE INVESTIGACIÓN,CIENCIAS ECONÓMICO - ADMINISTRATIVAS
INGENIERÍA ELECTROMECÁNICA,TALLER DE INVESTIGACIÓN I,CIENCIAS ECONÓMICO - ADMINISTRATIVAS
INGENIERÍA ELECTROMECÁNICA,ADMINISTRACIÓN Y TÉCNICAS DE MANTENIMIENTO,CIENCIAS ECONÓMICO - ADMINISTRATIVAS
INGENIERÍA ELECTROMECÁNICA,TALLER DE INVESTIGACIÓN II,CIENCIAS ECONÓMICO - ADMINISTRATIVAS
INGENIERÍA ELECTROMECÁNICA,FORMULACIÓN Y EVALUACIÓN DE PROYECTOS,CIENCIAS ECONÓMICO - ADMINISTRATIVAS
INGENIERÍA ELECTROMECÁNICA,ACTIVIDADES COMPLEMENTARIAS I,CURSOS COMPLEMENTARIOS
INGENIERÍA ELECTROMECÁNICA,DESARROLLO SUSTENTABLE,CURSOS COMPLEMENTARIOS
INGENIERÍA ELECTROMECÁNICA, ACTIVIDADES COMPLEMENTARÍAS II,CURSOS COMPLEMENTARIOS
INGENIERÍA EN INDUSTRIAS ALIMENTARIAS,LABORATORIO DE QUÍMICA ANALÍTICA,CIENCIAS BÁSICAS
INGENIERÍA EN INDUSTRIAS ALIMENTARIAS,QUÍMICA ORGÁNICA,CIENCIAS BÁSICAS
INGENIERÍA EN INDUSTRIAS ALIMENTARIAS,CÁLCULO INTEGRAL,CIENCIAS BÁSICAS
INGENIERÍA EN INDUSTRIAS ALIMENTARIAS,TALLER DE ÉTICA,CIENCIAS BÁSICAS
INGENIERÍA EN INDUSTRIAS ALIMENTARIAS,PROBABILIDAD Y ESTADÍSTICA,CIENCIAS BÁSICAS
INGENIERÍA EN INDUSTRIAS ALIMENTARIAS,FUNDAMENTOS DE FÍSICA,CIENCIAS BÁSICAS
INGENIERÍA EN INDUSTRIAS ALIMENTARIAS,BIOQUÍMICA DE ALIMENTOS II,CIENCIAS DE LA INGENIERÍA 
INGENIERÍA EN INDUSTRIAS ALIMENTARIAS,TECNOLOGÍA DE CONSERVACIÓN,CIENCIAS DE LA INGENIERÍA 
INGENIERÍA EN INDUSTRIAS ALIMENTARIAS,FLUJO DE FLUIDOS,CIENCIAS DE LA INGENIERÍA 
INGENIERÍA EN INDUSTRIAS ALIMENTARIAS,ANÁLISIS DE ALIMENTOS,CIENCIAS DE LA INGENIERÍA 
INGENIERÍA EN INDUSTRIAS ALIMENTARIAS,TALLER DE CONTROL ESTADÍSTICO DE PROCESO,CIENCIAS DE LA INGENIERÍA 
INGENIERÍA EN INDUSTRIAS ALIMENTARIAS,MICROBIOLOGÍA DE ALIMENTOS,CIENCIAS DE LA INGENIERÍA 
INGENIERÍA EN INDUSTRIAS ALIMENTARIAS,BIOTECNOLOGÍA,CIENCIAS DE LA INGENIERÍA 
INGENIERÍA EN INDUSTRIAS ALIMENTARIAS,INNOVACIÓN Y DESARROLLO DE NUEVOS PRODUCTOS,CIENCIAS DE LA INGENIERÍA 
INGENIERÍA EN INDUSTRIAS ALIMENTARIAS,OPERACIONES DE TRANSFERENCIA DE MASA,CIENCIAS DE LA INGENIERÍA 
INGENIERÍA EN INDUSTRIAS ALIMENTARIAS,TECNOLOGÍA DE CÁRNICOS,INGENIERÍA APLICADA Y DISEÑO EN INGENIERÍA
INGENIERÍA EN INDUSTRIAS ALIMENTARIAS,INDUCCIÓN A LA ADMINISTRACIÓN Y ECONOMÍA,CURSOS COMPLEMENTARIOS
INGENIERÍA EN INDUSTRIAS ALIMENTARIAS,TALLER DE INVESTIGACIÓN II,CIENCIAS SOCIALES Y HUMANIDADES
INGENIERÍA EN INDUSTRIAS ALIMENTARIAS,FORMULACIÓN Y EVALUACIÓN DE PROYECTOS ,INGENIERÍA APLICADA Y DISEÑO EN INGENIERÍA
INGENIERÍA EN INDUSTRIAS ALIMENTARIAS,DISEÑO E IMPARTICIÓN DE CURSOS PRESENCIALES,CIENCIAS SOCIALES Y HUMANIDADES
INGENIERÍA EN INDUSTRIAS ALIMENTARIAS,TALLER DE LIDERAZGO Y GESTIÓN ORGANIZACIONAL,INGENIERÍA APLICADA Y DISEÑO EN INGENIERÍA
INGENIERÍA EN INDUSTRIAS ALIMENTARIAS,CERTIFICACIÓN EN CALIDAD E INNOCUIDAD EN LA INDUSTRIA ALIMENTARIA,INGENIERÍA APLICADA Y DISEÑO EN INGENIERÍA
INGENIERÍA EN INDUSTRIAS ALIMENTARIAS,CADENA DE SUMINISTRO Y COMERCIALIZACIÓN ALIMENTARIA,INGENIERÍA APLICADA Y DISEÑO EN INGENIERÍA
INGENIERÍA EN INDUSTRIAS ALIMENTARIAS,ENVASADO DE ALIMENTOS  Y LA INDUSTRIA 4.0,INGENIERÍA APLICADA Y DISEÑO EN INGENIERÍA
INGENIERÍA EN INDUSTRIAS ALIMENTARIAS,ANALISIS DE VIDA DE ANAQUEL EN LOS ALIMENTOS,INGENIERÍA APLICADA Y DISEÑO EN INGENIERÍA
INGENIERÍA EN INDUSTRIAS ALIMENTARIAS,HIGIENE Y SEGURIDAD ALIMENTARIA,INGENIERÍA APLICADA Y DISEÑO EN INGENIERÍA
INGENIERÍA INDUSTRIAL,FUNDAMENTOS DE INVESTIGACION,CIENCIAS BÁSICAS
INGENIERÍA INDUSTRIAL,CÁLCULO DIFERENCIAL,CIENCIAS BÁSICAS
INGENIERÍA INDUSTRIAL,QUÍMICA,CIENCIAS BÁSICAS
INGENIERÍA INDUSTRIAL,ELECTRICIDAD Y ELECTRÓNICA INDUSTRIAL,CIENCIAS BÁSICAS
INGENIERÍA INDUSTRIAL,PROPIEDAD DE LOS MATERIALES,CIENCIAS BÁSICAS
INGENIERÍA INDUSTRIAL,CÁLCULO INTEGRAL,CIENCIAS BÁSICAS
INGENIERÍA INDUSTRIAL,PROBABILIDAD Y ESTADÍSTICA,CIENCIAS BÁSICAS
INGENIERÍA INDUSTRIAL,ÁLGEBRA LINEAL,CIENCIAS BÁSICAS
INGENIERÍA INDUSTRIAL,CÁLCULO VECTORIAL,CIENCIAS BÁSICAS
INGENIERÍA INDUSTRIAL,ESTADÍSTICA INFERENCIAL I,CIENCIAS BÁSICAS
INGENIERÍA INDUSTRIAL,FÍSICA,CIENCIAS BÁSICAS
INGENIERÍA INDUSTRIAL,ESTADÍSTICA INFERENCIAL II,CIENCIAS BÁSICAS
INGENIERÍA INDUSTRIAL,DIBUJO INDUSTRIAL,CIENCIAS DE LA INGENIERÍA 
INGENIERÍA INDUSTRIAL,METROLOGÍA Y NORMALIZACIÓN,CIENCIAS DE LA INGENIERÍA 
INGENIERÍA INDUSTRIAL,ESTUDIO DEL TRABAJO I,CIENCIAS DE LA INGENIERÍA 
INGENIERÍA INDUSTRIAL,HIGIENE Y SEGURIDAD INDUSTRIAL,CIENCIAS DE LA INGENIERÍA 
INGENIERÍA INDUSTRIAL,PROCESOS DE FABRICACION,CIENCIAS DE LA INGENIERÍA 
INGENIERÍA INDUSTRIAL,ALGORITMOS Y LENGUAJES DE PROGRAMACION,CIENCIAS DE LA INGENIERÍA 
INGENIERÍA INDUSTRIAL,INVESTIGACION DE OPERACIONES I,CIENCIAS DE LA INGENIERÍA 
INGENIERÍA INDUSTRIAL,ESTUDIO DEL TRABAJO II,CIENCIAS DE LA INGENIERÍA 
INGENIERÍA INDUSTRIAL,INGENIERIA DE SISTEMAS,CIENCIAS DE LA INGENIERÍA 
INGENIERÍA INDUSTRIAL,ADMINISTRACION DE PROYECTOS,CIENCIAS DE LA INGENIERÍA 
INGENIERÍA INDUSTRIAL,INVESTIGACION DE OPERACIONES II,CIENCIAS DE LA INGENIERÍA 
INGENIERÍA INDUSTRIAL,CONTROL ESTADÍSTICO DE LA CALIDAD,CIENCIAS DE LA INGENIERÍA 
INGENIERÍA INDUSTRIAL,ERGONOMÍA,CIENCIAS DE LA INGENIERÍA 
INGENIERÍA INDUSTRIAL,SIMULACIÓN,CIENCIAS DE LA INGENIERÍA 
INGENIERÍA INDUSTRIAL,ADMINISTRACIÓN DEL MANTENIMIENTO,CIENCIAS DE LA INGENIERÍA 
INGENIERÍA INDUSTRIAL,SISTEMAS DE MANUFACTURA ,CIENCIAS DE LA INGENIERÍA 
INGENIERÍA INDUSTRIAL,ADMINISTRACION DE LAS OPERACIONES I,INGENIERÍA APLICADA Y DISEÑO EN INGENIERÍA
INGENIERÍA INDUSTRIAL,ADMINISTRACIÓN DE OPERACIONES II,INGENIERÍA APLICADA Y DISEÑO EN INGENIERÍA
INGENIERÍA INDUSTRIAL,PLANEACIÓN Y DISEÑO DE INSTALACIONES,INGENIERÍA APLICADA Y DISEÑO EN INGENIERÍA
INGENIERÍA INDUSTRIAL,LOGÍSTICA Y CADENAS DE SUMINISTRO,INGENIERÍA APLICADA Y DISEÑO EN INGENIERÍA
INGENIERÍA INDUSTRIAL,GESTIÓN DE LOS SISTEMAS DE CALIDAD,INGENIERÍA APLICADA Y DISEÑO EN INGENIERÍA
INGENIERÍA INDUSTRIAL,DISEÑO Y MODELADO 3D,INGENIERÍA APLICADA Y DISEÑO EN INGENIERÍA
INGENIERÍA INDUSTRIAL,LEAN SIX SIGMA,INGENIERÍA APLICADA Y DISEÑO EN INGENIERÍA
INGENIERÍA INDUSTRIAL,FORMULACIÓN Y EVALUACIÓN DE PROYECTOS,INGENIERÍA APLICADA Y DISEÑO EN INGENIERÍA
INGENIERÍA INDUSTRIAL,RELACIONES INDUSTRIALES,INGENIERÍA APLICADA Y DISEÑO EN INGENIERÍA
INGENIERÍA INDUSTRIAL,QUALITY CORE TOOLS,INGENIERÍA APLICADA Y DISEÑO EN INGENIERÍA
INGENIERÍA INDUSTRIAL,SISTEMAS DE GESTIÓN DE LA CALIDAD APLICADA,INGENIERÍA APLICADA Y DISEÑO EN INGENIERÍA
INGENIERÍA INDUSTRIAL,INNOVACIÓN TECNOLÓGICA,INGENIERÍA APLICADA Y DISEÑO EN INGENIERÍA
INGENIERÍA INDUSTRIAL,SEGURIDAD Y SALUD EN EL TRABAJO,INGENIERÍA APLICADA Y DISEÑO EN INGENIERÍA
INGENIERÍA INDUSTRIAL,SERVICIO SOCIAL,INGENIERÍA APLICADA Y DISEÑO EN INGENIERÍA
INGENIERÍA INDUSTRIAL,RESIDENCIA PROFESIONAL,INGENIERÍA APLICADA Y DISEÑO EN INGENIERÍA
INGENIERÍA INDUSTRIAL,TALLER DE ÉTICA,CIENCIAS SOCIALES Y HUMANIDADES
INGENIERÍA INDUSTRIAL,TALLER DE HERRAMIENTAS INTELECTUALES,CIENCIAS SOCIALES Y HUMANIDADES
INGENIERÍA INDUSTRIAL,ANALISÍS DE LA REALIDAD NACIONAL,CIENCIAS SOCIALES Y HUMANIDADES
INGENIERÍA INDUSTRIAL,TALLER DE LIDERAZGO,CIENCIAS SOCIALES Y HUMANIDADES
INGENIERÍA INDUSTRIAL,ADMINISTRACIÓN DE PROYECTOS,CIENCIAS SOCIALES Y HUMANIDADES
INGENIERÍA INDUSTRIAL,TALLER DE INVESTIGACIÓN I,CIENCIAS SOCIALES Y HUMANIDADES
INGENIERÍA INDUSTRIAL,TALLER DE INVESTIGACIÓN II,CIENCIAS SOCIALES Y HUMANIDADES
INGENIERÍA INDUSTRIAL,ECONOMIA,CIENCIAS ECONÓMICO - ADMINISTRATIVAS
INGENIERÍA INDUSTRIAL,GESTION DE COSTOS,CIENCIAS ECONÓMICO - ADMINISTRATIVAS
INGENIERÍA INDUSTRIAL,INGENIERÍA ECONÓMICA,CIENCIAS ECONÓMICO - ADMINISTRATIVAS
INGENIERÍA INDUSTRIAL,MERCADOTECNIA,CIENCIAS ECONÓMICO - ADMINISTRATIVAS
INGENIERÍA INDUSTRIAL,PLANEACIÓN FINANCIERA,CIENCIAS ECONÓMICO - ADMINISTRATIVAS
INGENIERÍA INDUSTRIAL,ACTIVIDADES COMPLEMENTARIAS I,CURSOS COMPLEMENTARIOS
INGENIERÍA INDUSTRIAL,ACTIVIDADES COMPLEMENTARIAS II,CURSOS COMPLEMENTARIOS
INGENIERÍA INDUSTRIAL,ACTIVIDADES COMPLEMENTARIAS III,CURSOS COMPLEMENTARIOS
INGENIERÍA INDUSTRIAL,ACTIVIDADES COMPLEMENTARIAS IV,CURSOS COMPLEMENTARIOS
INGENIERÍA INDUSTRIAL,DESARROLLO SUSTENTABLE,CURSOS COMPLEMENTARIOS
INGENIERÍA INDUSTRIAL,ACTIVIDADES COMPLEMENTARIAS V,CURSOS COMPLEMENTARIOS
ARQUITECTURA,GEOMETRÍA DESCRIPTIVA II,AUXILIARES
ARQUITECTURA,METODOLOGÍA PARA EL DISEÑO,AUXILIARES
ARQUITECTURA,TALLER DE INVESTIGACIÓN II,AUXILIARES
ARQUITECTURA,ELEMENTOS SOCIOECONÓMICOS DEL URBANISMO,OTROS CURSOS
ARQUITECTURA,NORMAS Y CALIDAD DE MATERIALES DE CONSTRUCCIÓN,OTROS CURSOS
ARQUITECTURA,RESIDENCIA Y SUPERVISIÓN DE OBRA,OTROS CURSOS
ARQUITECTURA,TALLER DE PROYECTOS URBANOS,OTROS CURSOS
ARQUITECTURA,SERVICIO SOCIAL,SERVICIO SOCIAL
ARQUITECTURA,TALLER DE DISEÑO II,TALLERES DE ARQUITECTURA
ARQUITECTURA,TALLER DE DISEÑO IV,TALLERES DE ARQUITECTURA
ARQUITECTURA,TALLER DE DISEÑO VI,TALLERES DE ARQUITECTURA
ARQUITECTURA,TALLER DE LENGUAJE ARQUITECTÓNICO I,TALLERES DE ARQUITECTURA
ARQUITECTURA,ADMINISTRACIÓN DE EMPRESAS CONSTRUCTORAS I,TECNOLOGÍA
ARQUITECTURA,ADMINISTRACIÓN DE LA CONSTRUCCIÓN I,TECNOLOGÍA
ARQUITECTURA,ESTRUCTURAS DE ACERO,TECNOLOGÍA
ARQUITECTURA,ESTRUCTURAS II,TECNOLOGÍA
ARQUITECTURA,INSTALACIONES I,TECNOLOGÍA
ARQUITECTURA,MATEMÁTICAS APLICADAS A LA ARQUITECTURA,TECNOLOGÍA
ARQUITECTURA,TALLER DE CONSTRUCCIÓN I,TECNOLOGÍA
ARQUITECTURA,ANÁLISIS CRÍTICO DE LA ARQUITECTURA Y EL ARTE II,TEÓRICO -  HUMANISTAS
ARQUITECTURA,ANÁLISIS CRÍTICO DE LA ARQUITECTURA Y EL ARTE IV,TEÓRICO -  HUMANISTAS
ARQUITECTURA,ESTÉTICA,TEÓRICO -  HUMANISTAS
ARQUITECTURA,FUNDAMENTOS TEÓRICOS DEL DISEÑO II,TEÓRICO -  HUMANISTAS
ARQUITECTURA,PENSAMIENTO ARQUITECTÓNICO CONTEMPORÁNEO,TEÓRICO -  HUMANISTAS
ARQUITECTURA,TALLER DE ÉTICA,TEÓRICO -  HUMANISTAS
ARQUITECTURA,DESARROLLO SUSTENTABLE,URBANISMO
ARQUITECTURA,URBANISMO II,URBANISMO
INGENIERÍA EN GESTIÓN EMPRESARIAL,CÁLCULO INTEGRAL,CIENCIAS BÁSICAS
INGENIERÍA EN GESTIÓN EMPRESARIAL,ESTADÍSTICA INFERENCIAL I,CIENCIAS BÁSICAS
INGENIERÍA EN GESTIÓN EMPRESARIAL,INVESTIGACIÓN DE OPERACIONES,CIENCIAS BÁSICAS
INGENIERÍA EN GESTIÓN EMPRESARIAL,ADMINISTRACIÓN DE LA SALUD Y SEGURIDAD OCUPACIONAL,CIENCIAS DE LA INGENIERÍA
INGENIERÍA EN GESTIÓN EMPRESARIAL,CONTABILIDAD ORIENTADA A LOS NEGOCIOS,CIENCIAS DE LA INGENIERÍA
INGENIERÍA EN GESTIÓN EMPRESARIAL,ENTORNO MACROECONÓMICO,CIENCIAS DE LA INGENIERÍA
INGENIERÍA EN GESTIÓN EMPRESARIAL,GESTIÓN DEL CAPITAL HUMANO,CIENCIAS DE LA INGENIERÍA
INGENIERÍA EN GESTIÓN EMPRESARIAL,INGENIERÍA ECONÓMICA,CIENCIAS DE LA INGENIERÍA
INGENIERÍA EN GESTIÓN EMPRESARIAL,INSTRUMENTOS DE PRESUPUESTACIÓN EMPRESARIAL,CIENCIAS DE LA INGENIERÍA
INGENIERÍA EN GESTIÓN EMPRESARIAL,SISTEMAS DE INFORMACIÓN DE LA MERCADOTECNIA,CIENCIAS DE LA INGENIERÍA
INGENIERÍA EN GESTIÓN EMPRESARIAL,SOFTWARE DE APLICACIÓN EJECUTIVO,CIENCIAS DE LA INGENIERÍA
INGENIERÍA EN GESTIÓN EMPRESARIAL,DINÁMICA SOCIAL,CIENCIAS SOCIALES Y HUMANIDADES
INGENIERÍA EN GESTIÓN EMPRESARIAL,DISEÑO ORGANIZACIONAL,CIENCIAS SOCIALES Y HUMANIDADES
INGENIERÍA EN GESTIÓN EMPRESARIAL,HABILIDADES DIRECTIVAS II,CIENCIAS SOCIALES Y HUMANIDADES
INGENIERÍA EN GESTIÓN EMPRESARIAL,TALLER DE INVESTIGACIÓN II,CIENCIAS SOCIALES Y HUMANIDADES
INGENIERÍA EN GESTIÓN EMPRESARIAL,TALLER DE ÉTICA,CURSOS COMPLEMENTARIOS
INGENIERÍA EN GESTIÓN EMPRESARIAL,ANÁLISIS ESTRATEGICO DE LA TECNOLOGÍA,INGENIERÍA APLICADA Y DISEÑO EN INGENIERÍA
INGENIERÍA EN GESTIÓN EMPRESARIAL,CADENA DE SUMINISTROS,INGENIERÍA APLICADA Y DISEÑO EN INGENIERÍA
INGENIERÍA EN GESTIÓN EMPRESARIAL,ENTORNO DE LA INNOVACIÓN,INGENIERÍA APLICADA Y DISEÑO EN INGENIERÍA
INGENIERÍA EN GESTIÓN EMPRESARIAL,GESTIÓN DE LA PRODUCCIÓN I,INGENIERÍA APLICADA Y DISEÑO EN INGENIERÍA
INGENIERÍA EN GESTIÓN EMPRESARIAL,GESTIÓN ESTRATÉGICA,INGENIERÍA APLICADA Y DISEÑO EN INGENIERÍA
INGENIERÍA EN GESTIÓN EMPRESARIAL,HABILIDADES BLANDAS EN LA GESTIÓN DE TECNOLOGÍA,INGENIERÍA APLICADA Y DISEÑO EN INGENIERÍA
INGENIERÍA EN GESTIÓN EMPRESARIAL,LEGISLACIÓN LABORAL,INGENIERÍA APLICADA Y DISEÑO EN INGENIERÍA
INGENIERÍA EN GESTIÓN EMPRESARIAL,PLAN DE NEGOCIOS,INGENIERÍA APLICADA Y DISEÑO EN INGENIERÍA
INGENIERÍA EN GESTIÓN EMPRESARIAL,TRANSFERENCIA Y COMERCIALIZACIÓN DE TECNOLOGÍA,INGENIERÍA APLICADA Y DISEÑO EN INGENIERÍA
INGENIERÍA EN LOGÍSTICA,ADMINISTRACIÓN DE ALMACENES Y CENTROS DE DISTRIBUCIÓN,INGENIERÍA APLICADA Y DISEÑO EN INGENIERÍA
INGENIERÍA EN LOGÍSTICA,BASES DE DATOS,CIENCIAS BÁSICAS
INGENIERÍA EN LOGÍSTICA,CADENA DE SUMINISTRO,INGENIERÍA APLICADA Y DISEÑO EN INGENIERÍA
INGENIERÍA EN LOGÍSTICA,CÁLCULO INTEGRAL,CIENCIAS BÁSICAS
INGENIERÍA EN LOGÍSTICA,CULTURA DE CALIDAD ,CIENCIAS DE LA INGENIERÍA
INGENIERÍA EN LOGÍSTICA,DESARROLLO SUSTENTABLE,CIENCIAS SOCIALES Y HUMANIDADES
INGENIERÍA EN LOGÍSTICA,DIBUJO ASISTIDO POR COMPUTADORA,CIENCIAS DE LA INGENIERÍA
INGENIERÍA EN LOGÍSTICA,"EMPAQUE, ENVASE Y EMBALAJE",INGENIERÍA APLICADA Y DISEÑO EN INGENIERÍA
INGENIERÍA EN LOGÍSTICA,ESTADISTICA INFERENCIAL I,CIENCIAS BÁSICAS
INGENIERÍA EN LOGÍSTICA,FINANZAS,CIENCIAS ECONÓMICO - ADMINISTRATIVAS
INGENIERÍA EN LOGÍSTICA,FUNDAMENTOS DE DERECHO,CIENCIAS SOCIALES Y HUMANIDADES
INGENIERÍA EN LOGÍSTICA,GESTIÓN DE PROYECTOS,CIENCIAS DE LA INGENIERÍA
INGENIERÍA EN LOGÍSTICA,HIGIENE Y SEGURIDAD,CIENCIAS DE LA INGENIERÍA
INGENIERÍA EN LOGÍSTICA,INGENIERÍA ECONÓMICA,CIENCIAS ECONÓMICO - ADMINISTRATIVAS
INGENIERÍA EN LOGÍSTICA,INNOVACIÓN,CIENCIAS DE LA INGENIERÍA
INGENIERÍA EN LOGÍSTICA,INVENTARIOS,INGENIERÍA APLICADA Y DISEÑO EN INGENIERÍA
INGENIERÍA EN LOGÍSTICA,INVESTIGACIÓN DE OPERACIONES II,CIENCIAS BÁSICAS
INGENIERÍA EN LOGÍSTICA,LEGISLACIÓN ADUANERA,INGENIERÍA APLICADA Y DISEÑO EN INGENIERÍA
INGENIERÍA EN LOGÍSTICA,MODELADO DE SISTEMAS LOGÍSTICOS,INGENIERÍA APLICADA Y DISEÑO EN INGENIERÍA
INGENIERÍA EN LOGÍSTICA,MODELOS DE SIMULACIÓN Y LOGÍSTICA,INGENIERÍA APLICADA Y DISEÑO EN INGENIERÍA
INGENIERÍA EN LOGÍSTICA,PLANEACIÓN Y DISEÑO DE REDES DE DISTRIBUCIÓN ,INGENIERÍA APLICADA Y DISEÑO EN INGENIERÍA
INGENIERÍA EN LOGÍSTICA,QUÍMICA,CIENCIAS BÁSICAS
INGENIERÍA EN LOGÍSTICA,SERVICIO AL CLIENTE,INGENIERÍA APLICADA Y DISEÑO EN INGENIERÍA
INGENIERÍA EN LOGÍSTICA,TALLER DE INVESTIGACIÓN I,CIENCIAS SOCIALES Y HUMANIDADES
INGENIERÍA EN LOGÍSTICA,TÓPICOS DE INGENIERÍA MECÁNICA,CIENCIAS BÁSICAS
INGENIERÍA EN LOGÍSTICA,TRÁFICO Y TRANPORTE,INGENIERÍA APLICADA Y DISEÑO EN INGENIERÍA
INGENIERIA EN TIC´S,ANÁLISIS DE SEÑALES Y SISTEMAS DE COMUNICACIÓN,CIENCIAS BÁSICAS
INGENIERIA EN TIC´S,ARQUITECTURA DE COMPUTADORAS,CIENCIAS DE LA INGENIERÍA
INGENIERIA EN TIC´S,AUDITORÍA EN TECNOLOGÍAS DE INFORMACIÓN,INGENIERÍA APLICADA Y DISEÑO EN INGENIERÍA
INGENIERIA EN TIC´S,CÁLCULO INTEGRAL,CIENCIAS BÁSICAS
INGENIERIA EN TIC´S,CONTABILIDAD Y COSTOS,CIENCIAS ECONÓMICO - ADMINISTRATIVAS
INGENIERIA EN TIC´S,CRIPTOGRAFÍA Y PROTECCIÓN DE DATOS,INGENIERÍA APLICADA Y DISEÑO EN INGENIERÍA
INGENIERIA EN TIC´S,DESARROLLO DE EMPRENDEDORES,CURSOS COMPLEMENTARIOS
INGENIERIA EN TIC´S,ELECTRICIDAD Y MAGNETISMO,CIENCIAS BÁSICAS
INGENIERIA EN TIC´S,FUNDAMENTOS DE REDES,INGENIERÍA APLICADA Y DISEÑO EN INGENIERÍA
INGENIERIA EN TIC´S,HACKEO ÉTICO,INGENIERÍA APLICADA Y DISEÑO EN INGENIERÍA
INGENIERIA EN TIC´S,HERRAMIENTAS PARA EL ANÁLISIS FORENSE,INGENIERÍA APLICADA Y DISEÑO EN INGENIERÍA
INGENIERIA EN TIC´S,INGENIERÍA DE SOFTWARE,INGENIERÍA APLICADA Y DISEÑO EN INGENIERÍA
INGENIERIA EN TIC´S,INGENIERÍA DEL CONOCIMIENTO,INGENIERÍA APLICADA Y DISEÑO EN INGENIERÍA
INGENIERIA EN TIC´S,MATEMÁTICAS DISCRETAS II,CIENCIAS BÁSICAS
INGENIERIA EN TIC´S,MATEMÁTICAS PARA LA TOMA DE DECISIONES,CIENCIAS BÁSICAS
INGENIERIA EN TIC´S,NEGOCIOS ELECTRÓNICOS II,INGENIERÍA APLICADA Y DISEÑO EN INGENIERÍA
INGENIERIA EN TIC´S,PROBABILIDAD Y ESTADÍSTICA,CIENCIAS BÁSICAS
INGENIERIA EN TIC´S,PROGRAMACIÓN II,CIENCIAS DE LA INGENIERÍA
INGENIERIA EN TIC´S,PROGRAMACIÓN ORIENTADA A OBJETOS,CIENCIAS DE LA INGENIERÍA
INGENIERIA EN TIC´S,PROGRAMACIÓN WEB,INGENIERÍA APLICADA Y DISEÑO EN INGENIERÍA
INGENIERIA EN TIC´S,REDES EMERGENTES,INGENIERÍA APLICADA Y DISEÑO EN INGENIERÍA
INGENIERIA EN TIC´S,SEGURIDAD EN LA NUBE PARA LOT,INGENIERÍA APLICADA Y DISEÑO EN INGENIERÍA
INGENIERIA EN TIC´S,SISTEMAS OPERATIVOS II,CIENCIAS DE LA INGENIERÍA
INGENIERIA EN TIC´S,TALLER DE BASE DE DATOS,INGENIERÍA APLICADA Y DISEÑO EN INGENIERÍA
INGENIERIA EN TIC´S,TALLER DE INVESTIGACIÓN I,CIENCIAS SOCIALES Y HUMANIDADES
INGENIERIA EN TIC´S,TECNOLOGÍAS INALÁMBRICAS,INGENIERÍA APLICADA Y DISEÑO EN INGENIERÍA